date,action,ticker,price,confidence,size,slippage_pct,entry_price,return_pct
2024-02-29,BUY,BBT,20.2053,97.14,1000.0,0.2,,
2024-02-29,BUY,AKAM,110.92,96.86,1000.0,0.1,,
2024-02-29,BUY,AMAL,22.3666,96.69,1000.0,0.2,,
2024-02-29,BUY,BUSE,21.4221,94.99,1000.0,0.2,,
2024-02-29,BUY,AGRO,9.5503,93.38,1000.0,0.2,,
2024-02-29,BUY,CADE,25.9352,93.24,1000.0,0.1,,
2024-02-29,BUY,BCO,81.377,92.78,1000.0,0.2,,
2024-02-29,BUY,ADAM,5.5998,92.77,1000.0,0.2,,
2024-02-29,BUY,BNL,12.9651,92.62,1000.0,0.1,,
2024-02-29,BUY,AHH,8.7203,91.88,983.03,0.2,,
2024-03-28,SELL,BBT,21.731,97.14,,0.2,20.2053,7.336
2024-03-28,SELL,AKAM,108.76,96.86,,0.1,110.92,-2.045
2024-03-28,SELL,AMAL,23.2582,96.69,,0.2,22.3666,3.778
2024-03-28,SELL,BUSE,22.3417,94.99,,0.2,21.4221,4.085
2024-03-28,SELL,AGRO,10.4825,93.38,,0.2,9.5503,9.541
2024-03-28,SELL,CADE,27.4191,93.24,,0.1,25.9352,5.616
2024-03-28,SELL,BCO,90.7595,92.78,,0.2,81.377,11.307
2024-03-28,SELL,ADAM,5.7489,92.77,,0.2,5.5998,2.457
2024-03-28,SELL,BNL,13.8866,92.62,,0.1,12.9651,7.001
2024-03-28,SELL,AHH,9.0883,91.88,,0.2,8.7203,4.011
2024-03-28,BUY,ARLP,16.6629,95.78,1051.32,0.2,,
2024-03-28,BUY,BIP,28.8534,93.65,1051.32,0.2,,
2024-03-28,BUY,APO,109.6717,92.07,1051.32,0.1,,
2024-03-28,BUY,ALRM,72.47,89.97,1051.32,0.2,,
2024-03-28,BUY,ACMR,29.14,88.78,1051.32,0.1,,
2024-03-28,BUY,ASTH,41.99,88.4,1051.32,0.2,,
2024-03-28,BUY,ACHC,79.22,87.7,1051.32,0.2,,
2024-03-28,BUY,CBRL,69.002,87.26,1051.32,0.2,,
2024-03-28,BUY,CASH,50.2297,86.85,1051.32,0.2,,
2024-03-28,BUY,AAPL,170.0925,84.84,1033.47,0.1,,
2024-04-26,SELL,ARLP,17.5771,95.78,,0.2,16.6629,5.275
2024-04-26,SELL,BIP,25.0908,93.65,,0.2,28.8534,-13.215
2024-04-26,SELL,APO,109.4474,92.07,,0.1,109.6717,-0.304
2024-04-26,SELL,ALRM,65.97,89.97,,0.2,72.47,-9.151
2024-04-26,SELL,ACMR,27.04,88.78,,0.1,29.14,-7.299
2024-04-26,SELL,ASTH,36.72,88.4,,0.2,41.99,-12.726
2024-04-26,SELL,ACHC,73.59,87.7,,0.2,79.22,-7.293
2024-04-26,SELL,CBRL,57.4756,87.26,,0.2,69.002,-16.871
2024-04-26,SELL,CASH,51.8815,86.85,,0.2,50.2297,3.082
2024-04-26,SELL,AAPL,167.9301,84.84,,0.1,170.0925,-1.37
2024-04-26,BUY,BWA,32.3866,95.7,986.62,0.1,,
2024-04-26,BUY,AMAT,200.1427,94.42,986.62,0.1,,
2024-04-26,BUY,ASX,9.4725,93.68,986.62,0.1,,
2024-04-26,BUY,BIDU,100.52,93.5,986.62,0.1,,
2024-04-26,BUY,ASML,906.4841,93.29,986.62,0.1,,
2024-04-26,BUY,CASH,51.8815,86.46,986.62,0.2,,
2024-04-26,BUY,AXL,7.52,83.7,986.62,0.1,,
2024-04-26,BUY,BV,11.28,80.71,986.62,0.2,,
2024-04-26,BUY,BROS,28.59,80.55,986.62,0.1,,
2024-04-26,BUY,ACMR,27.04,79.41,974.79,0.1,,
2024-05-24,SELL,BWA,34.8261,95.7,,0.1,32.3866,7.425
2024-05-24,SELL,AMAT,217.7703,94.42,,0.1,200.1427,8.699
2024-05-24,SELL,ASX,10.4572,93.68,,0.1,9.4725,10.286
2024-05-24,SELL,BIDU,100.28,93.5,,0.1,100.52,-0.339
2024-05-24,SELL,ASML,943.228,93.29,,0.2,906.4841,3.845
2024-05-24,SELL,CASH,54.976,86.46,,0.2,51.8815,5.753
2024-05-24,SELL,AXL,7.41,83.7,,0.1,7.52,-1.561
2024-05-24,SELL,BV,14.22,80.71,,0.1,11.28,25.938
2024-05-24,SELL,BROS,34.1,80.55,,0.1,28.59,19.153
2024-05-24,SELL,ACMR,22.56,79.41,,0.1,27.04,-16.651
2024-05-24,BUY,ALGN,255.62,97.35,1047.34,0.2,,
2024-05-24,BUY,ANIP,61.32,96.0,1047.34,0.2,,
2024-05-24,BUY,ASO,52.4159,94.04,1047.34,0.1,,
2024-05-24,BUY,ASX,10.4572,93.36,1047.34,0.1,,
2024-05-24,BUY,ASTH,39.97,93.34,1047.34,0.2,,
2024-05-24,BUY,CAL,36.6213,92.98,1047.34,0.2,,
2024-05-24,BUY,AMSC,16.06,91.69,1047.34,0.2,,
2024-05-24,BUY,BMRN,75.52,91.19,1047.34,0.1,,
2024-05-24,BUY,ALRM,67.11,88.6,1047.34,0.2,,
2024-05-24,BUY,AFRM,30.03,88.45,1030.6,0.1,,
2024-06-25,SELL,ALGN,235.23,97.35,,0.2,255.62,-8.161
2024-06-25,SELL,ANIP,64.19,96.0,,0.2,61.32,4.471
2024-06-25,SELL,ASO,51.9792,94.04,,0.1,52.4159,-0.932
2024-06-25,SELL,ASX,10.7573,93.36,,0.1,10.4572,2.767
2024-06-25,SELL,ASTH,39.54,93.34,,0.2,39.97,-1.274
2024-06-25,SELL,CAL,32.5589,92.98,,0.2,36.6213,-11.271
2024-06-25,SELL,AMSC,24.04,91.69,,0.1,16.06,49.539
2024-06-25,SELL,BMRN,84.97,91.19,,0.1,75.52,12.401
2024-06-25,SELL,ALRM,61.42,88.6,,0.2,67.11,-8.662
2024-06-25,SELL,AFRM,32.97,88.45,,0.1,30.03,9.68
2024-06-25,BUY,AEO,19.6481,97.51,1096.36,0.1,,
2024-06-25,BUY,ALRM,61.42,97.14,1096.36,0.2,,
2024-06-25,BUY,ACLS,141.16,95.17,1096.36,0.2,,
2024-06-25,BUY,CAL,32.5589,94.21,1096.36,0.2,,
2024-06-25,BUY,AFYA,16.5448,93.99,1096.36,0.2,,
2024-06-25,BUY,BANC,11.8111,92.77,1096.36,0.1,,
2024-06-25,BUY,AYI,236.7286,92.21,1096.36,0.2,,
2024-06-25,BUY,ALL,156.7654,91.45,1096.36,0.1,,
2024-06-25,BUY,BCC,111.9811,88.27,1096.36,0.2,,
2024-06-25,BUY,BLDR,136.51,88.09,1078.84,0.1,,
2024-07-24,SELL,AEO,19.9078,97.51,,0.1,19.6481,1.22
2024-07-24,SELL,ALRM,67.09,97.14,,0.2,61.42,9.013
2024-07-24,SELL,ACLS,125.63,95.17,,0.2,141.16,-11.18
2024-07-24,SELL,CAL,35.6332,94.21,,0.2,32.5589,9.224
2024-07-24,SELL,AFYA,17.6406,93.99,,0.2,16.5448,6.41
2024-07-24,SELL,BANC,12.4556,92.77,,0.1,11.8111,5.351
2024-07-24,SELL,AYI,245.5315,92.21,,0.2,236.7286,3.511
2024-07-24,SELL,ALL,167.4535,91.45,,0.1,156.7654,6.711
2024-07-24,SELL,BCC,123.0584,88.27,,0.2,111.9811,9.672
2024-07-24,SELL,BLDR,154.12,88.09,,0.1,136.51,12.787
2024-07-24,BUY,CAH,94.9028,93.42,1152.19,0.1,,
2024-07-24,BUY,BRK-B,432.8,92.65,1152.19,0.1,,
2024-07-24,BUY,BLBD,49.59,92.13,1152.19,0.2,,
2024-07-24,BUY,BEKE,13.3599,91.42,1152.19,0.1,,
2024-07-24,BUY,AD,36.9187,91.42,1152.19,0.2,,
2024-07-24,BUY,ANF,154.05,90.31,1152.19,0.1,,
2024-07-24,BUY,BMI,198.9453,89.84,1152.19,0.2,,
2024-07-24,BUY,BVS,7.46,89.77,1152.19,0.2,,
2024-07-24,BUY,AG,5.9082,89.28,1152.19,0.1,,
2024-07-24,BUY,AR,29.84,88.79,1136.07,0.1,,
2024-08-21,SELL,CAH,107.601,93.42,,0.1,94.9028,13.267
2024-08-21,SELL,BRK-B,446.6,92.65,,0.1,432.8,3.085
2024-08-21,SELL,BLBD,46.95,92.13,,0.2,49.59,-5.513
2024-08-21,SELL,BEKE,14.4667,91.42,,0.1,13.3599,8.176
2024-08-21,SELL,AD,36.7304,91.42,,0.2,36.9187,-0.709
2024-08-21,SELL,ANF,170.88,90.31,,0.1,154.05,10.814
2024-08-21,SELL,BMI,202.5758,89.84,,0.2,198.9453,1.621
2024-08-21,SELL,BVS,9.12,89.77,,0.2,7.46,22.008
2024-08-21,SELL,AG,5.8338,89.28,,0.1,5.9082,-1.358
2024-08-21,SELL,AR,27.78,88.79,,0.1,29.84,-6.997
2024-08-21,BUY,AKAM,102.11,95.85,1201.84,0.1,,
2024-08-21,BUY,ARLO,12.26,95.38,1201.84,0.2,,
2024-08-21,BUY,BIIB,206.18,89.82,1201.84,0.1,,
2024-08-21,BUY,AXL,6.39,86.57,1201.84,0.1,,
2024-08-21,BUY,ASC,17.6609,86.32,1201.84,0.2,,
2024-08-21,BUY,ASLE,5.28,84.16,1201.84,0.2,,
2024-08-21,BUY,CARS,17.56,82.88,1201.84,0.2,,
2024-08-21,BUY,APEI,14.72,80.97,1201.84,0.2,,
2024-08-21,BUY,CBU,56.2796,79.95,1201.84,0.2,,
2024-08-21,BUY,BOH,60.2452,79.88,1181.45,0.2,,
2024-09-19,SELL,AKAM,99.44,95.85,,0.1,102.11,-2.712
2024-09-19,SELL,ARLO,11.65,95.38,,0.2,12.26,-5.166
2024-09-19,SELL,BIIB,201.44,89.82,,0.2,206.18,-2.494
2024-09-19,SELL,AXL,6.28,86.57,,0.1,6.39,-1.82
2024-09-19,SELL,ASC,17.3278,86.32,,0.2,17.6609,-2.082
2024-09-19,SELL,ASLE,5.47,84.16,,0.2,5.28,3.391
2024-09-19,SELL,CARS,18.31,82.88,,0.2,17.56,4.063
2024-09-19,SELL,APEI,15.41,80.97,,0.2,14.72,4.478
2024-09-19,SELL,CBU,57.6162,79.95,,0.2,56.2796,2.17
2024-09-19,SELL,BOH,62.1712,79.88,,0.2,60.2452,2.991
2024-09-19,BUY,ARLO,11.65,96.14,1203.12,0.2,,
2024-09-19,BUY,ASGN,93.98,95.3,1203.12,0.2,,
2024-09-19,BUY,AGO,80.2337,92.13,1203.12,0.2,,
2024-09-19,BUY,ARHS,13.33,92.12,1203.12,0.1,,
2024-09-19,BUY,ATRA,7.93,90.75,1203.12,0.2,,
2024-09-19,BUY,ARCO,8.2385,89.94,1203.12,0.1,,
2024-09-19,BUY,ASLE,5.47,88.39,1203.12,0.2,,
2024-09-19,BUY,APA,23.8465,87.66,1203.12,0.1,,
2024-09-19,BUY,CAMT,76.13,85.53,1203.12,0.2,,
2024-09-19,BUY,AVNW,22.66,84.66,1182.71,0.2,,
2024-10-17,SELL,ARLO,11.84,96.14,,0.2,11.65,1.428
2024-10-17,SELL,ASGN,98.71,95.3,,0.2,93.98,4.823
2024-10-17,SELL,AGO,86.6018,92.13,,0.2,80.2337,7.721
2024-10-17,SELL,ARHS,9.56,92.12,,0.1,13.33,-28.354
2024-10-17,SELL,ATRA,9.38,90.75,,0.5,7.93,17.694
2024-10-17,SELL,ARCO,9.1529,89.94,,0.1,8.2385,10.988
2024-10-17,SELL,ASLE,5.31,88.39,,0.2,5.47,-3.119
2024-10-17,SELL,APA,23.4327,87.66,,0.1,23.8465,-1.833
2024-10-17,SELL,CAMT,82.37,85.53,,0.2,76.13,7.98
2024-10-17,SELL,AVNW,23.2,84.66,,0.2,22.66,2.178
2024-10-17,BUY,AMRK,41.2459,97.68,1224.51,0.2,,
2024-10-17,BUY,ADM,55.901,95.43,1224.51,0.1,,
2024-10-17,BUY,ARHS,9.56,95.18,1224.51,0.1,,
2024-10-17,BUY,BLD,409.22,94.73,1224.51,0.2,,
2024-10-17,BUY,BYRN,15.25,94.05,1224.51,0.2,,
2024-10-17,BUY,BBVA,9.4901,93.54,1224.51,0.1,,
2024-10-17,BUY,AVA,35.5824,93.54,1224.51,0.2,,
2024-10-17,BUY,ASC,16.1122,91.71,1224.51,0.2,,
2024-10-17,BUY,ADMA,16.12,90.24,1224.51,0.1,,
2024-10-17,BUY,BY,26.3721,89.2,1204.95,0.2,,
2024-11-14,SELL,AMRK,28.5973,97.68,,0.2,41.2459,-30.805
2024-11-14,SELL,ADM,50.0659,95.43,,0.1,55.901,-10.528
2024-11-14,SELL,ARHS,9.58,95.18,,0.1,9.56,0.109
2024-11-14,SELL,BLD,363.22,94.73,,0.2,409.22,-11.418
2024-11-14,SELL,BYRN,18.76,94.05,,0.2,15.25,22.77
2024-11-14,SELL,BBVA,9.1728,93.54,,0.1,9.4901,-3.44
2024-11-14,SELL,AVA,34.925,93.54,,0.2,35.5824,-2.044
2024-11-14,SELL,ASC,11.5294,91.71,,0.2,16.1122,-28.586
2024-11-14,SELL,ADMA,20.2,90.24,,0.1,16.12,25.185
2024-11-14,SELL,BY,30.9839,89.2,,0.2,26.3721,17.252
2024-11-14,BUY,ASC,11.5294,97.98,1195.88,0.2,,
2024-11-14,BUY,AEO,17.4849,96.95,1195.88,0.1,,
2024-11-14,BUY,AZN,63.6812,96.74,1195.88,0.1,,
2024-11-14,BUY,ANF,144.6,96.45,1195.88,0.1,,
2024-11-14,BUY,APTV,54.03,95.74,1195.88,0.1,,
2024-11-14,BUY,AOS,71.5278,95.72,1195.88,0.1,,
2024-11-14,BUY,AMCR,9.7908,95.53,1195.88,0.1,,
2024-11-14,BUY,AMT,186.5094,93.38,1195.88,0.1,,
2024-11-14,BUY,ABR,12.9752,93.32,1195.88,0.1,,
2024-11-14,BUY,CBZ,77.87,92.93,1181.56,0.2,,
2024-12-13,SELL,ASC,11.1262,97.98,,0.1,11.5294,-3.594
2024-12-13,SELL,AEO,16.5242,96.95,,0.1,17.4849,-5.589
2024-12-13,SELL,AZN,65.189,96.74,,0.1,63.6812,2.265
2024-12-13,SELL,ANF,142.62,96.45,,0.1,144.6,-1.468
2024-12-13,SELL,APTV,57.97,95.74,,0.1,54.03,7.185
2024-12-13,SELL,AOS,71.028,95.72,,0.2,71.5278,-0.897
2024-12-13,SELL,AMCR,9.6409,95.53,,0.1,9.7908,-1.63
2024-12-13,SELL,AMT,188.798,93.38,,0.1,186.5094,1.126
2024-12-13,SELL,ABR,12.7806,93.32,,0.1,12.9752,-1.598
2024-12-13,SELL,CBZ,79.6,92.93,,0.2,77.87,2.017
2024-12-13,BUY,APLS,33.19,97.08,1191.81,0.1,,
2024-12-13,BUY,AES,12.5775,93.58,1191.81,0.1,,
2024-12-13,BUY,ARCO,7.5874,93.03,1191.81,0.1,,
2024-12-13,BUY,BRSL,14.8228,91.91,1191.81,0.2,,
2024-12-13,BUY,AJG,282.12,91.88,1191.81,0.1,,
2024-12-13,BUY,AU,23.74,90.58,1191.81,0.1,,
2024-12-13,BUY,ANDE,44.1165,90.53,1191.81,0.2,,
2024-12-13,BUY,AMRC,25.0,88.02,1191.81,0.2,,
2024-12-13,BUY,AMAT,167.6716,86.5,1191.81,0.1,,
2024-12-13,BUY,BSY,46.8438,85.96,1175.16,0.2,,
2025-01-15,SELL,APLS,29.03,97.08,,0.1,33.19,-12.621
2025-01-15,SELL,AES,11.089,93.58,,0.1,12.5775,-11.923
2025-01-15,SELL,ARCO,7.2516,93.03,,0.1,7.5874,-4.521
2025-01-15,SELL,BRSL,13.8796,91.91,,0.1,14.8228,-6.457
2025-01-15,SELL,AJG,287.6714,91.88,,0.1,282.12,1.866
2025-01-15,SELL,AU,25.8722,90.58,,0.1,23.74,8.873
2025-01-15,SELL,ANDE,44.0256,90.53,,0.2,44.1165,-0.406
2025-01-15,SELL,AMRC,23.35,88.02,,0.2,25.0,-6.787
2025-01-15,SELL,AMAT,176.6121,86.5,,0.1,167.6716,5.227
2025-01-15,SELL,BSY,46.0983,85.96,,0.2,46.8438,-1.788
2025-01-15,BUY,AXON,580.0,97.69,1156.16,0.1,,
2025-01-15,BUY,AGX,174.0224,97.48,1156.16,0.2,,
2025-01-15,BUY,AHH,8.9348,97.47,1156.16,0.1,,
2025-01-15,BUY,BEKE,16.3277,97.39,1156.16,0.1,,
2025-01-15,BUY,APP,335.03,96.85,1156.16,0.1,,
2025-01-15,BUY,ALSN,114.9672,96.83,1156.16,0.2,,
2025-01-15,BUY,CBT,88.8537,96.73,1156.16,0.2,,
2025-01-15,BUY,ALEX,16.5112,95.75,1156.16,0.2,,
2025-01-15,BUY,BROS,58.89,95.34,1156.16,0.1,,
2025-01-15,BUY,APO,162.5624,94.98,1139.99,0.1,,
2025-02-13,SELL,AXON,664.7,97.69,,0.2,580.0,14.374
2025-02-13,SELL,AGX,146.9824,97.48,,0.2,174.0224,-15.707
2025-02-13,SELL,AHH,8.8978,97.47,,0.2,8.9348,-0.613
2025-02-13,SELL,BEKE,19.9713,97.39,,0.1,16.3277,22.193
2025-02-13,SELL,APP,471.67,96.85,,0.1,335.03,40.644
2025-02-13,SELL,ALSN,100.427,96.83,,0.2,114.9672,-12.822
2025-02-13,SELL,CBT,83.8436,96.73,,0.2,88.8537,-5.827
2025-02-13,SELL,ALEX,17.0417,95.75,,0.2,16.5112,3.006
2025-02-13,SELL,BROS,83.54,95.34,,0.1,58.89,41.716
2025-02-13,SELL,APO,155.7285,94.98,,0.1,162.5624,-4.3
2025-02-13,BUY,BF-B,30.4301,98.5,1250.19,0.1,,
2025-02-13,BUY,BHE,41.0321,98.47,1250.19,0.2,,
2025-02-13,BUY,AES,9.5913,97.85,1250.19,0.1,,
2025-02-13,BUY,AXON,664.7,97.46,1250.19,0.2,,
2025-02-13,BUY,BV,14.73,97.4,1250.19,0.2,,
2025-02-13,BUY,AFG,117.6149,97.14,1250.19,0.2,,
2025-02-13,BUY,ADI,205.9437,97.06,1250.19,0.1,,
2025-02-13,BUY,APO,155.7285,96.75,1250.19,0.1,,
2025-02-13,BUY,BANF,118.0125,96.65,1250.19,0.2,,
2025-02-13,BUY,BG,67.4329,96.29,1231.45,0.1,,
2025-03-14,SELL,BF-B,33.9739,98.5,,0.1,30.4301,11.534
2025-03-14,SELL,BHE,38.6335,98.47,,0.2,41.0321,-6.034
2025-03-14,SELL,AES,11.6438,97.85,,0.1,9.5913,21.279
2025-03-14,SELL,AXON,556.26,97.46,,0.1,664.7,-16.398
2025-03-14,SELL,BV,13.25,97.4,,0.2,14.73,-10.227
2025-03-14,SELL,AFG,118.9963,97.14,,0.2,117.6149,0.972
2025-03-14,SELL,ADI,206.2568,97.06,,0.1,205.9437,0.052
2025-03-14,SELL,APO,132.2934,96.75,,0.1,155.7285,-15.134
2025-03-14,SELL,BANF,109.758,96.65,,0.5,118.0125,-7.46
2025-03-14,SELL,BG,71.6682,96.29,,0.1,67.4329,6.175
2025-03-14,BUY,BX,136.2513,98.2,1229.15,0.1,,
2025-03-14,BUY,ALGN,166.2,97.92,1229.15,0.1,,
2025-03-14,BUY,BDC,101.2546,97.46,1229.15,0.2,,
2025-03-14,BUY,ADSK,254.43,97.39,1229.15,0.1,,
2025-03-14,BUY,CAVA,77.48,96.91,1229.15,0.1,,
2025-03-14,BUY,AYI,262.0881,96.43,1229.15,0.2,,
2025-03-14,BUY,CAH,126.4129,96.34,1229.15,0.1,,
2025-03-14,BUY,BNS,46.5215,96.3,1229.15,0.1,,
2025-03-14,BUY,CASH,71.7567,95.78,1229.15,0.2,,
2025-03-14,BUY,AMWD,59.02,95.32,1211.97,0.2,,
2025-04-11,SELL,BX,122.9927,98.2,,0.1,136.2513,-9.821
2025-04-11,SELL,ALGN,164.14,97.92,,0.1,166.2,-1.338
2025-04-11,SELL,BDC,93.3644,97.46,,0.2,101.2546,-7.977
2025-04-11,SELL,ADSK,258.45,97.39,,0.1,254.43,1.478
2025-04-11,SELL,CAVA,90.07,96.91,,0.1,77.48,16.133
2025-04-11,SELL,AYI,239.1742,96.43,,0.2,262.0881,-8.925
2025-04-11,SELL,CAH,130.6159,96.34,,0.1,126.4129,3.221
2025-04-11,SELL,BNS,45.3931,96.3,,0.1,46.5215,-2.523
2025-04-11,SELL,CASH,67.6549,95.78,,0.2,71.7567,-5.905
2025-04-11,SELL,AMWD,57.98,95.32,,0.2,59.02,-1.959
2025-04-11,BUY,ALGN,164.14,95.49,1205.81,0.1,,
2025-04-11,BUY,ALKS,27.0,94.27,1205.81,0.1,,
2025-04-11,BUY,AME,158.1707,93.1,1205.81,0.1,,
2025-04-11,BUY,AMAL,25.5017,92.5,1205.81,0.2,,
2025-04-11,BUY,AVGO,180.8563,92.42,1205.81,0.1,,
2025-04-11,BUY,A,102.1063,91.82,1205.81,0.1,,
2025-04-11,BUY,BUSE,18.5958,88.53,1205.81,0.2,,
2025-04-11,BUY,BKNG,4562.0278,87.19,1205.81,0.2,,
2025-04-11,BUY,BABA,105.9394,86.59,1205.81,0.1,,
2025-04-11,BUY,BBAR,17.7496,85.61,1188.96,0.2,,
2025-05-12,SELL,ALGN,189.0,95.49,,0.1,164.14,15.03
2025-05-12,SELL,ALKS,31.27,94.27,,0.1,27.0,15.699
2025-05-12,SELL,AME,178.5006,93.1,,0.1,158.1707,12.74
2025-05-12,SELL,AMAL,30.8877,92.5,,0.2,25.5017,20.878
2025-05-12,SELL,AVGO,220.2601,92.42,,0.1,180.8563,21.666
2025-05-12,SELL,A,114.8708,91.82,,0.1,102.1063,12.389
2025-05-12,SELL,BUSE,21.7388,88.53,,0.2,18.5958,16.667
2025-05-12,SELL,BKNG,5167.2383,87.19,,0.2,4562.0278,13.04
2025-05-12,SELL,BABA,130.3469,86.59,,0.1,105.9394,22.916
2025-05-12,SELL,BBAR,21.2815,85.61,,0.2,17.7496,19.659
2025-05-12,BUY,AHCO,9.11,96.33,1409.61,0.1,,
2025-05-12,BUY,BLK,943.9106,86.15,1409.61,0.2,,
2025-05-12,BUY,BCSF,13.7257,81.17,1409.61,0.2,,
2025-05-12,BUY,AMCR,45.4524,76.72,1409.61,0.1,,
2025-05-12,BUY,ABBV,185.6003,73.98,1409.61,0.1,,
2025-05-12,BUY,AMRX,7.6,70.71,1409.61,0.1,,
2025-05-12,BUY,BABA,130.3469,62.21,1409.61,0.1,,
2025-05-12,BUY,ALLY,35.5809,55.0,1409.61,0.1,,
2025-05-13,BUY,BVS,6.54,58.97,1402.21,0.2,,
2025-05-19,BUY,ASLE,6.15,58.41,1397.31,0.2,,
2025-06-10,SELL,AHCO,8.82,96.33,,0.2,9.11,-3.377
2025-06-10,SELL,BLK,982.457,86.15,,0.2,943.9106,3.876
2025-06-10,SELL,BCSF,14.0742,81.17,,0.2,13.7257,2.334
2025-06-10,SELL,AMCR,45.6016,76.72,,0.1,45.4524,0.228
2025-06-10,SELL,ABBV,185.0437,73.98,,0.1,185.6003,-0.4
2025-06-10,SELL,AMRX,7.81,70.71,,0.1,7.6,2.66
2025-06-10,SELL,BABA,119.8542,62.21,,0.1,130.3469,-8.142
2025-06-10,SELL,ALLY,35.9621,55.0,,0.1,35.5809,0.97
2025-06-10,BUY,BIDU,87.49,83.83,1407.12,0.1,,
2025-06-10,BUY,ACHC,22.61,74.81,1407.12,0.1,,
2025-06-11,SELL,BVS,6.71,58.97,,0.2,6.54,2.394
2025-06-13,BUY,CAL,12.1901,77.41,1392.35,0.1,,
2025-06-13,BUY,BTM,43.54,63.34,1392.35,0.2,,
2025-06-13,BUY,BRK-B,487.54,55.12,1392.35,0.1,,
2025-06-16,BUY,AZN,144.5768,57.46,1410.32,0.1,,
2025-06-17,SELL,ASLE,5.72,58.41,,0.2,6.15,-7.178
2025-06-17,BUY,AFL,100.4753,63.79,1386.01,0.1,,
2025-06-20,BUY,AMGN,283.0082,60.84,1377.25,0.1,,
2025-06-23,BUY,CBZ,69.31,75.49,1354.32,0.2,,
2025-06-23,BUY,BKH,55.2998,56.53,1354.32,0.2,,
2025-07-10,SELL,BIDU,88.44,83.83,,0.1,87.49,0.985
2025-07-10,SELL,ACHC,24.69,74.81,,0.1,22.61,9.09
2025-07-10,BUY,AGI,26.11,95.19,1431.09,0.1,,
2025-07-10,BUY,BMY,47.3032,91.14,1431.09,0.1,,
2025-07-15,SELL,CAL,13.2595,77.41,,0.2,12.1901,8.556
2025-07-15,SELL,BTM,35.63,63.34,,0.2,43.54,-18.331
2025-07-15,SELL,BRK-B,470.13,55.12,,0.1,487.54,-3.667
2025-07-15,BUY,BROS,63.86,93.98,1385.16,0.1,,
2025-07-15,BUY,AVB,195.8066,93.22,1385.16,0.2,,
2025-07-15,BUY,AEM,118.4574,93.11,1385.16,0.1,,
2025-07-16,SELL,AZN,137.7559,57.46,,0.1,144.5768,-4.813
2025-07-16,BUY,BTM,40.67,90.28,1351.65,0.2,,
2025-07-17,SELL,AFL,99.8159,63.79,,0.1,100.4753,-0.756
2025-07-17,BUY,BBAR,15.1455,89.01,1372.79,0.2,,
2025-07-21,SELL,AMGN,289.4053,60.84,,0.1,283.0082,2.158
2025-07-21,BUY,ALLT,7.82,93.79,1377.71,0.1,,
2025-07-22,SELL,CBZ,73.23,75.49,,0.2,69.31,5.444
2025-07-22,SELL,BKH,56.2602,56.53,,0.2,55.2998,1.533
2025-07-22,BUY,AS,37.37,94.4,1397.13,0.1,,
2025-07-22,BUY,ADMA,17.05,93.55,1397.13,0.1,,
2025-08-07,SELL,AGI,26.38,95.19,,0.1,26.11,0.933
2025-08-07,SELL,BMY,44.2224,91.14,,0.1,47.3032,-6.606
2025-08-07,BUY,BMY,44.2224,92.84,1399.35,0.1,,
2025-08-07,BUY,ASTE,42.6473,89.89,1399.35,0.2,,
2025-08-12,SELL,BROS,68.82,93.98,,0.1,63.86,7.659
2025-08-12,SELL,AVB,183.4877,93.22,,0.2,195.8066,-6.479
2025-08-12,SELL,AEM,134.6948,93.11,,0.1,118.4574,13.594
2025-08-12,BUY,BIRK,49.14,89.47,1387.4,0.1,,
2025-08-12,BUY,CARG,30.6,87.52,1387.4,0.2,,
2025-08-12,BUY,BTSG,21.72,80.61,1387.4,0.1,,
2025-08-13,SELL,BTM,31.01,90.28,,0.2,40.67,-23.905
2025-08-13,BUY,BEKE,18.38,81.65,1231.73,0.1,,
2025-08-14,SELL,BBAR,15.8838,89.01,,0.2,15.1455,4.665
2025-08-14,BUY,ARCB,73.2942,76.07,1397.1,0.2,,
2025-08-18,SELL,ALLT,7.46,93.79,,0.2,7.82,-4.794
2025-08-18,BUY,ARHS,12.4,92.25,1347.25,0.1,,
2025-08-19,SELL,AS,35.74,94.4,,0.1,37.37,-4.457
2025-08-19,SELL,ADMA,17.44,93.55,,0.1,17.05,2.185
2025-08-19,BUY,AS,35.74,92.56,1405.92,0.1,,
2025-08-19,BUY,BIP,29.6635,92.21,1352.48,0.2,,
2025-09-05,SELL,BMY,45.9578,92.84,,0.1,44.2224,3.82
2025-09-05,SELL,ASTE,47.1434,89.89,,0.2,42.6473,10.321
2025-09-05,BUY,BMA,58.6457,97.36,1438.67,0.2,,
2025-09-05,BUY,CAH,148.7024,97.06,1438.67,0.1,,
2025-09-10,SELL,BIRK,46.88,89.47,,0.1,49.14,-4.695
2025-09-10,SELL,CARG,35.4,87.52,,0.1,30.6,15.571
2025-09-10,SELL,BTSG,28.08,80.61,,0.1,21.72,29.152
2025-09-10,BUY,BBAR,9.7777,95.95,1414.81,0.1,,
2025-09-10,BUY,AWR,72.147,84.08,1414.81,0.2,,
2025-09-10,BUY,BV,13.85,82.0,1414.81,0.2,,
2025-09-11,SELL,BEKE,20.16,81.65,,0.1,18.38,9.575
2025-09-11,BUY,BOW,28.9,75.23,1425.97,0.2,,
2025-09-12,SELL,ARCB,70.1235,76.07,,0.2,73.2942,-4.517
2025-09-12,BUY,ABNB,122.55,81.27,1389.23,0.1,,
2025-09-16,SELL,ARHS,11.03,92.25,,0.1,12.4,-11.137
2025-09-16,BUY,BMRN,53.94,90.99,1382.58,0.1,,
2025-09-17,SELL,AS,37.09,92.56,,0.1,35.74,3.673
2025-09-17,SELL,BIP,30.73,92.21,,0.2,29.6635,3.388
2025-09-17,BUY,ADP,286.8955,84.71,1381.84,0.1,,
2025-09-17,BUY,AVY,164.0397,84.44,1381.84,0.2,,
2025-10-03,SELL,BMA,42.8868,97.36,,0.2,58.6457,-27.018
2025-10-03,SELL,CAH,154.0759,97.06,,0.1,148.7024,3.51
2025-10-03,BUY,AMD,164.67,95.27,1366.91,0.1,,
2025-10-03,BUY,BIRK,46.01,95.05,1366.91,0.1,,
2025-10-08,SELL,BBAR,8.3011,95.95,,0.1,9.7777,-15.187
2025-10-08,SELL,AWR,71.3282,84.08,,0.2,72.147,-1.333
2025-10-08,SELL,BV,13.31,82.0,,0.2,13.85,-4.091
2025-10-08,BUY,AMH,32.2956,97.59,1420.43,0.1,,
2025-10-08,BUY,BAH,101.4836,95.59,1420.43,0.1,,
2025-10-08,BUY,BROS,47.93,93.73,1256.96,0.1,,
2025-10-09,SELL,BOW,25.97,75.23,,0.2,28.9,-10.318
2025-10-09,BUY,CBSH,55.471,96.31,1276.28,0.2,,
2025-10-10,SELL,ABNB,118.19,81.27,,0.1,122.55,-3.654
2025-10-10,BUY,ARES,139.9711,96.09,1337.13,0.1,,
2025-10-14,SELL,BMRN,52.47,90.99,,0.1,53.94,-2.823
2025-10-14,BUY,BBWI,25.5565,96.45,1342.22,0.1,,
2025-10-15,SELL,ADP,282.3846,84.71,,0.1,286.8955,-1.671
2025-10-15,SELL,AVY,158.709,84.44,,0.2,164.0397,-3.443
2025-10-15,BUY,AER,121.6115,95.5,1412.76,0.1,,
2025-10-15,BUY,BTM,20.51,95.09,1276.29,0.2,,
2025-10-31,SELL,AMD,256.12,95.27,,0.1,164.67,55.38
2025-10-31,SELL,BIRK,39.91,95.05,,0.1,46.01,-13.345
2025-10-31,BUY,APO,123.3208,97.1,1386.88,0.1,,
2025-10-31,BUY,BR,219.4717,96.64,1386.88,0.2,,
2025-11-05,SELL,AMH,31.7707,97.59,,0.1,32.2956,-1.724
2025-11-05,SELL,BAH,85.3929,95.59,,0.1,101.4836,-15.94
2025-11-05,SELL,BROS,55.56,93.73,,0.1,47.93,15.803
2025-11-05,BUY,AJG,247.393,98.27,1403.19,0.1,,
2025-11-05,BUY,B,32.65,98.21,1403.19,0.1,,
2025-11-05,BUY,BRO,77.6615,97.03,1403.19,0.1,,
2025-11-06,SELL,CBSH,50.8278,96.31,,0.1,55.471,-8.462
2025-11-06,BUY,BV,11.89,97.04,1379.65,0.2,,
2025-11-07,SELL,ARES,152.8873,96.09,,0.1,139.9711,9.118
2025-11-07,BUY,CBRL,31.5437,96.62,1397.83,0.1,,
2025-11-11,SELL,BBWI,21.5027,96.45,,0.1,25.5565,-15.946
2025-11-11,BUY,BLK,1080.5007,95.09,1333.48,0.2,,
2025-11-12,SELL,AER,137.2991,95.5,,0.1,121.6115,12.787
2025-11-12,SELL,BTM,17.57,95.09,,0.2,20.51,-14.506
2025-11-12,BUY,ATEX,18.35,95.82,1417.86,0.2,,
2025-11-12,BUY,AS,31.38,95.64,1262.6,0.1,,
2025-12-01,SELL,APO,130.8555,97.1,,0.1,123.3208,6.004
2025-12-01,SELL,BR,225.5959,96.64,,0.2,219.4717,2.585
2025-12-01,BUY,BF-B,29.4888,96.73,1461.08,0.1,,
2025-12-01,BUY,CAMT,105.4,96.1,1427.47,0.2,,
2025-12-04,SELL,AJG,244.76,98.27,,0.1,247.393,-1.163
2025-12-04,SELL,B,40.91,98.21,,0.1,32.65,25.173
2025-12-04,SELL,BRO,79.4574,97.03,,0.1,77.6615,2.21
2025-12-04,BUY,ACI,17.5058,96.12,1468.49,0.1,,
2025-12-04,BUY,ACM,104.8337,95.93,1468.49,0.1,,
2025-12-04,BUY,AAMI,46.4006,89.52,1468.49,0.2,,
2025-12-05,SELL,BV,12.57,97.04,,0.2,11.89,5.508
2025-12-05,BUY,ANIP,81.77,92.67,1462.43,0.2,,
2025-12-08,SELL,CBRL,26.4387,96.62,,0.1,31.5437,-16.268
2025-12-08,BUY,BOOT,197.66,92.22,1324.22,0.2,,
2025-12-10,SELL,BLK,1083.36,95.09,,0.2,1080.5007,0.064
2025-12-10,BUY,CBZ,51.76,95.27,1331.68,0.2,,
2025-12-11,SELL,ATEX,22.39,95.82,,0.2,18.35,21.772
2025-12-11,SELL,AS,39.36,95.64,,0.1,31.38,25.305
2025-12-11,BUY,AZO,3469.1001,87.62,1507.49,0.2,,
2025-12-11,BUY,AFJK,35.85,83.21,1507.49,0.2,,
2025-12-30,SELL,BF-B,26.33,96.73,,0.1,29.4888,-10.801
2025-12-30,SELL,CAMT,108.6,96.1,,0.2,105.4,2.83
2025-12-30,BUY,ANF,127.55,92.31,1623.48,0.1,,
2025-12-30,BUY,BABA,147.36,88.42,1432.24,0.1,,
2026-01-05,SELL,ACI,17.1093,96.12,,0.1,17.5058,-2.363
2026-01-05,SELL,ACM,98.6131,95.93,,0.1,104.8337,-6.028
2026-01-05,SELL,AAMI,49.28,89.52,,0.2,46.4006,5.993
2026-01-05,BUY,AVT,48.84,94.13,1598.65,0.2,,
2026-01-05,BUY,ADUS,109.64,93.31,1598.65,0.2,,
2026-01-05,BUY,BYRN,17.35,91.03,1164.24,0.2,,
2026-01-06,SELL,ANIP,77.48,92.67,,0.2,81.77,-5.436
2026-01-06,BUY,CAMT,133.31,91.06,1380.17,0.2,,
2026-01-07,SELL,BOOT,190.84,92.22,,0.2,197.66,-3.643
2026-01-07,BUY,ARM,115.68,84.57,1274.7,0.1,,
2026-01-09,SELL,CBZ,54.75,95.27,,0.2,51.76,5.565
2026-01-09,BUY,BSM,13.4697,89.25,1402.98,0.2,,
2026-01-12,SELL,AZO,3523.0,87.62,,0.2,3469.1001,1.351
2026-01-12,SELL,AFJK,63.51,83.21,,0.2,35.85,76.801
2026-01-12,BUY,APPF,222.81,87.18,1564.1,0.2,,
2026-01-12,BUY,ABR,7.81,83.35,1564.1,0.1,,
2026-01-29,SELL,ANF,93.88,92.31,,0.1,127.55,-26.471
2026-01-29,SELL,BABA,174.25,88.42,,0.1,147.36,18.13
2026-02-03,SELL,AVT,62.99,94.13,,0.1,48.84,28.843
2026-02-03,SELL,ADUS,106.9,93.31,,0.2,109.64,-2.694
2026-02-03,SELL,BYRN,13.38,91.03,,0.2,17.35,-23.036
2026-02-04,SELL,CAMT,132.75,91.06,,0.2,133.31,-0.619
2026-02-05,SELL,ARM,110.88,84.57,,0.1,115.68,-4.245
2026-02-09,SELL,BSM,14.8324,89.25,,0.2,13.4697,9.896
2026-02-10,SELL,APPF,188.3,87.18,,0.2,222.81,-15.658
2026-02-10,SELL,ABR,7.86,83.35,,0.1,7.81,0.54
